node,variant_ID,number_samples,vaf,possible_driver
603,UD1,4,0.012195122,RALGDS p.I254T
607,UD2,6,0.018292683,LPHN2 p.E1290K
547,DNMT3A p.R659H,4,0.012195122,
579,SETD2 p.L981V,9,0.027439024,
570,UD3,8,0.024390244,ABCA12 p.R1950*
566,UD4,5,0.015243902,
562,UD5,4,0.012195122,
510,NOTCH2 p.S1888L,5,0.015243902,
481,UD6,6,0.018292683,
473,UD7,9,0.027439024,
453,UD8,10,0.030487805,
342,UD9,112,0.341463415,